Text,Folio
urn:cts:greekLit:tlg5026.msA.hmt:10.1,urn:cite:hmt:msA.126r
urn:cts:greekLit:tlg5026.msA.hmt:10.2,urn:cite:hmt:msA.126r
urn:cts:greekLit:tlg5026.msA.hmt:10.3,urn:cite:hmt:msA.126r
urn:cts:greekLit:tlg5026.msA.hmt:10.4,urn:cite:hmt:msA.126r
urn:cts:greekLit:tlg5026.msA.hmt:10.5,urn:cite:hmt:msA.126r
urn:cts:greekLit:tlg5026.msA.hmt:10.6,urn:cite:hmt:msA.126r
urn:cts:greekLit:tlg5026.msA.hmt:10.7,urn:cite:hmt:msA.126r
urn:cts:greekLit:tlg5026.msA.hmt:10.8,urn:cite:hmt:msA.126r
urn:cts:greekLit:tlg5026.msA.hmt:10.9,urn:cite:hmt:msA.126r
urn:cts:greekLit:tlg5026.msA.hmt:10.10,urn:cite:hmt:msA.126r
urn:cts:greekLit:tlg5026.msA.hmt:10.11,urn:cite:hmt:msA.126r
urn:cts:greekLit:tlg5026.msA.hmt:10.12,urn:cite:hmt:msA.126r
urn:cts:greekLit:tlg5026.msA.hmt:10.13,urn:cite:hmt:msA.126r
urn:cts:greekLit:tlg5026.msA.hmt:10.14,urn:cite:hmt:msA.126r
urn:cts:greekLit:tlg5026.msA.hmt:10.15,urn:cite:hmt:msA.126r
urn:cts:greekLit:tlg5026.msA.hmt:10.16,urn:cite:hmt:msA.126r
urn:cts:greekLit:tlg5026.msA.hmt:10.17,urn:cite:hmt:msA.126r
urn:cts:greekLit:tlg5026.msA.hmt:10.18,urn:cite:hmt:msA.126r
urn:cts:greekLit:tlg5026.msAim.hmt:10.34,urn:cite:hmt:msA.126r
urn:cts:greekLit:tlg5026.msAint.hmt:10.32,urn:cite:hmt:msA.126r
urn:cts:greekLit:tlg5026.msAint.hmt:10.33,urn:cite:hmt:msA.126r
urn:cts:greekLit:tlg5026.msAil.hmt:10.19,urn:cite:hmt:msA.126r
urn:cts:greekLit:tlg5026.msAil.hmt:10.20,urn:cite:hmt:msA.126r
urn:cts:greekLit:tlg5026.msAil.hmt:10.21,urn:cite:hmt:msA.126r
urn:cts:greekLit:tlg5026.msAil.hmt:10.22,urn:cite:hmt:msA.126r
urn:cts:greekLit:tlg5026.msAil.hmt:10.23,urn:cite:hmt:msA.126r
urn:cts:greekLit:tlg5026.msAil.hmt:10.24,urn:cite:hmt:msA.126r
urn:cts:greekLit:tlg5026.msAil.hmt:10.25,urn:cite:hmt:msA.126r
urn:cts:greekLit:tlg5026.msAil.hmt:10.26,urn:cite:hmt:msA.126r
urn:cts:greekLit:tlg5026.msAil.hmt:10.27,urn:cite:hmt:msA.126r
urn:cts:greekLit:tlg5026.msAil.hmt:10.28,urn:cite:hmt:msA.126r
urn:cts:greekLit:tlg5026.msAil.hmt:10.29,urn:cite:hmt:msA.126r
urn:cts:greekLit:tlg5026.msAil.hmt:10.30,urn:cite:hmt:msA.126r
urn:cts:greekLit:tlg5026.msAil.hmt:10.31,urn:cite:hmt:msA.126r
urn:cts:greekLit:tlg5026.msAil.hmt:10.35,urn:cite:hmt:msA.126r
urn:cts:greekLit:tlg5026.msA.hmt:10.36,urn:cite:hmt:msA.126v
urn:cts:greekLit:tlg5026.msA.hmt:10.37,urn:cite:hmt:msA.126v
urn:cts:greekLit:tlg5026.msA.hmt:10.38,urn:cite:hmt:msA.126v
urn:cts:greekLit:tlg5026.msA.hmt:10.39,urn:cite:hmt:msA.126v
urn:cts:greekLit:tlg5026.msA.hmt:10.40,urn:cite:hmt:msA.126v
urn:cts:greekLit:tlg5026.msA.hmt:10.41,urn:cite:hmt:msA.126v
urn:cts:greekLit:tlg5026.msA.hmt:10.42,urn:cite:hmt:msA.126v
urn:cts:greekLit:tlg5026.msA.hmt:10.43,urn:cite:hmt:msA.126v
urn:cts:greekLit:tlg5026.msA.hmt:10.44,urn:cite:hmt:msA.126v
urn:cts:greekLit:tlg5026.msA.hmt:10.45,urn:cite:hmt:msA.126v
urn:cts:greekLit:tlg5026.msAim.hmt:10.46,urn:cite:hmt:msA.126v
urn:cts:greekLit:tlg5026.msAim.hmt:10.47,urn:cite:hmt:msA.126v
urn:cts:greekLit:tlg5026.msAim.hmt:10.48,urn:cite:hmt:msA.126v
urn:cts:greekLit:tlg5026.msAim.hmt:10.49,urn:cite:hmt:msA.126v
urn:cts:greekLit:tlg5026.msAim.hmt:10.50,urn:cite:hmt:msA.126v
urn:cts:greekLit:tlg5026.msAim.hmt:10.51,urn:cite:hmt:msA.126v
urn:cts:greekLit:tlg5026.msAim.hmt:10.52,urn:cite:hmt:msA.126v
urn:cts:greekLit:tlg5026.msAint.hmt:10.54,urn:cite:hmt:msA.126v
urn:cts:greekLit:tlg5026.msAint.hmt:10.55,urn:cite:hmt:msA.126v
urn:cts:greekLit:tlg5026.msAint.hmt:10.56,urn:cite:hmt:msA.126v
urn:cts:greekLit:tlg5026.msAint.hmt:10.57,urn:cite:hmt:msA.126v
urn:cts:greekLit:tlg5026.msAil.hmt:10.58,urn:cite:hmt:msA.126v
urn:cts:greekLit:tlg5026.msAil.hmt:10.59,urn:cite:hmt:msA.126v
urn:cts:greekLit:tlg5026.msAil.hmt:10.60,urn:cite:hmt:msA.126v
urn:cts:greekLit:tlg5026.msAil.hmt:10.61,urn:cite:hmt:msA.126v
urn:cts:greekLit:tlg5026.msAil.hmt:10.62,urn:cite:hmt:msA.126v
urn:cts:greekLit:tlg5026.msAil.hmt:10.63,urn:cite:hmt:msA.126v
urn:cts:greekLit:tlg5026.msAil.hmt:10.64,urn:cite:hmt:msA.126v
urn:cts:greekLit:tlg5026.msAil.hmt:10.65,urn:cite:hmt:msA.126v
urn:cts:greekLit:tlg5026.msAil.hmt:10.66,urn:cite:hmt:msA.126v
urn:cts:greekLit:tlg5026.msAil.hmt:10.67,urn:cite:hmt:msA.126v
urn:cts:greekLit:tlg5026.msA.hmt:10.68,urn:cite:hmt:msA.127r
urn:cts:greekLit:tlg5026.msA.hmt:10.69,urn:cite:hmt:msA.127r
urn:cts:greekLit:tlg5026.msA.hmt:10.70,urn:cite:hmt:msA.127r
urn:cts:greekLit:tlg5026.msA.hmt:10.71,urn:cite:hmt:msA.127r
urn:cts:greekLit:tlg5026.msA.hmt:10.72,urn:cite:hmt:msA.127r
urn:cts:greekLit:tlg5026.msA.hmt:10.73,urn:cite:hmt:msA.127r
urn:cts:greekLit:tlg5026.msA.hmt:10.74,urn:cite:hmt:msA.127r
urn:cts:greekLit:tlg5026.msA.hmt:10.75,urn:cite:hmt:msA.127r
urn:cts:greekLit:tlg5026.msA.hmt:10.76,urn:cite:hmt:msA.127r
urn:cts:greekLit:tlg5026.msA.hmt:10.77,urn:cite:hmt:msA.127r
urn:cts:greekLit:tlg5026.msA.hmt:10.78,urn:cite:hmt:msA.127r
urn:cts:greekLit:tlg5026.msA.hmt:10.79,urn:cite:hmt:msA.127r
urn:cts:greekLit:tlg5026.msA.hmt:10.80,urn:cite:hmt:msA.127r
urn:cts:greekLit:tlg5026.msA.hmt:10.81,urn:cite:hmt:msA.127r
urn:cts:greekLit:tlg5026.msAim.hmt:10.82,urn:cite:hmt:msA.127r
urn:cts:greekLit:tlg5026.msAim.hmt:10.83,urn:cite:hmt:msA.127r
urn:cts:greekLit:tlg5026.msAim.hmt:10.84,urn:cite:hmt:msA.127r
urn:cts:greekLit:tlg5026.msAim.hmt:10.85,urn:cite:hmt:msA.127r
urn:cts:greekLit:tlg5026.msAil.hmt:10.86,urn:cite:hmt:msA.127r
urn:cts:greekLit:tlg5026.msAil.hmt:10.87,urn:cite:hmt:msA.127r
urn:cts:greekLit:tlg5026.msAil.hmt:10.88,urn:cite:hmt:msA.127r
urn:cts:greekLit:tlg5026.msAil.hmt:10.89,urn:cite:hmt:msA.127r
urn:cts:greekLit:tlg5026.msAil.hmt:10.90,urn:cite:hmt:msA.127r
urn:cts:greekLit:tlg5026.msAil.hmt:10.91,urn:cite:hmt:msA.127r
urn:cts:greekLit:tlg5026.msAil.hmt:10.92,urn:cite:hmt:msA.127r
urn:cts:greekLit:tlg5026.msAil.hmt:10.93,urn:cite:hmt:msA.127r
urn:cts:greekLit:tlg5026.msAil.hmt:10.94,urn:cite:hmt:msA.127r
urn:cts:greekLit:tlg5026.msAil.hmt:10.95,urn:cite:hmt:msA.127r
urn:cts:greekLit:tlg5026.msA.hmt:10.96,urn:cite:hmt:msA.127v
urn:cts:greekLit:tlg5026.msA.hmt:10.97,urn:cite:hmt:msA.127v
urn:cts:greekLit:tlg5026.msA.hmt:10.98,urn:cite:hmt:msA.127v
urn:cts:greekLit:tlg5026.msA.hmt:10.99,urn:cite:hmt:msA.127v
urn:cts:greekLit:tlg5026.msA.hmt:10.100,urn:cite:hmt:msA.127v
urn:cts:greekLit:tlg5026.msA.hmt:10.101,urn:cite:hmt:msA.127v
urn:cts:greekLit:tlg5026.msA.hmt:10.102,urn:cite:hmt:msA.127v
urn:cts:greekLit:tlg5026.msA.hmt:10.103,urn:cite:hmt:msA.127v
urn:cts:greekLit:tlg5026.msAim.hmt:10.104,urn:cite:hmt:msA.127v
urn:cts:greekLit:tlg5026.msAim.hmt:10.105,urn:cite:hmt:msA.127v
urn:cts:greekLit:tlg5026.msAint.hmt:10.106,urn:cite:hmt:msA.127v
urn:cts:greekLit:tlg5026.msAil.hmt:10.107,urn:cite:hmt:msA.127v
urn:cts:greekLit:tlg5026.msAil.hmt:10.108,urn:cite:hmt:msA.127v
urn:cts:greekLit:tlg5026.msAil.hmt:10.109,urn:cite:hmt:msA.127v
urn:cts:greekLit:tlg5026.msAil.hmt:10.110,urn:cite:hmt:msA.127v
urn:cts:greekLit:tlg5026.msAil.hmt:10.111,urn:cite:hmt:msA.127v
urn:cts:greekLit:tlg5026.msAil.hmt:10.112,urn:cite:hmt:msA.127v
urn:cts:greekLit:tlg5026.msAil.hmt:10.113,urn:cite:hmt:msA.127v
urn:cts:greekLit:tlg5026.msAil.hmt:10.114,urn:cite:hmt:msA.127v
urn:cts:greekLit:tlg5026.msAil.hmt:10.115,urn:cite:hmt:msA.127v
urn:cts:greekLit:tlg5026.msAil.hmt:10.116,urn:cite:hmt:msA.127v
urn:cts:greekLit:tlg5026.msAil.hmt:10.117,urn:cite:hmt:msA.127v
urn:cts:greekLit:tlg5026.msA.hmt:10.1000,urn:cite:hmt:msA.128r
urn:cts:greekLit:tlg5026.msA.hmt:10.1001,urn:cite:hmt:msA.128r
urn:cts:greekLit:tlg5026.msA.hmt:10.1002,urn:cite:hmt:msA.128r
urn:cts:greekLit:tlg5026.msA.hmt:10.1003,urn:cite:hmt:msA.128r
urn:cts:greekLit:tlg5026.msA.hmt:10.1005,urn:cite:hmt:msA.128r
urn:cts:greekLit:tlg5026.msA.hmt:10.1006,urn:cite:hmt:msA.128r
urn:cts:greekLit:tlg5026.msA.hmt:10.1007,urn:cite:hmt:msA.128r
urn:cts:greekLit:tlg5026.msA.hmt:10.1008,urn:cite:hmt:msA.128r
urn:cts:greekLit:tlg5026.msA.hmt:10.1009,urn:cite:hmt:msA.128r
urn:cts:greekLit:tlg5026.msAim.hmt:10.1004,urn:cite:hmt:msA.128r
urn:cts:greekLit:tlg5026.msAim.hmt:10.1026,urn:cite:hmt:msA.128r
urn:cts:greekLit:tlg5026.msAint.hmt:10.1012,urn:cite:hmt:msA.128r
urn:cts:greekLit:tlg5026.msAint.hmt:10.1013,urn:cite:hmt:msA.128r
urn:cts:greekLit:tlg5026.msAint.hmt:10.1014,urn:cite:hmt:msA.128r
urn:cts:greekLit:tlg5026.msAint.hmt:10.1015,urn:cite:hmt:msA.128r
urn:cts:greekLit:tlg5026.msAext.hmt:10.1010,urn:cite:hmt:msA.128r
urn:cts:greekLit:tlg5026.msAext.hmt:10.1011,urn:cite:hmt:msA.128r
urn:cts:greekLit:tlg5026.msAil.hmt:10.1016,urn:cite:hmt:msA.128r
urn:cts:greekLit:tlg5026.msAil.hmt:10.1017,urn:cite:hmt:msA.128r
urn:cts:greekLit:tlg5026.msAil.hmt:10.5000,urn:cite:hmt:msA.128r
urn:cts:greekLit:tlg5026.msAil.hmt:10.1018,urn:cite:hmt:msA.128r
urn:cts:greekLit:tlg5026.msAil.hmt:10.1019,urn:cite:hmt:msA.128r
urn:cts:greekLit:tlg5026.msAil.hmt:10.1020,urn:cite:hmt:msA.128r
urn:cts:greekLit:tlg5026.msAil.hmt:10.1021,urn:cite:hmt:msA.128r
urn:cts:greekLit:tlg5026.msAil.hmt:10.1022,urn:cite:hmt:msA.128r
urn:cts:greekLit:tlg5026.msAil.hmt:10.1023,urn:cite:hmt:msA.128r
urn:cts:greekLit:tlg5026.msAil.hmt:10.1024,urn:cite:hmt:msA.128r
urn:cts:greekLit:tlg5026.msAil.hmt:10.1025,urn:cite:hmt:msA.128r
urn:cts:greekLit:tlg5026.msA.hmt:10.1500,urn:cite:hmt:msA.128v
urn:cts:greekLit:tlg5026.msA.hmt:10.1501,urn:cite:hmt:msA.128v
urn:cts:greekLit:tlg5026.msA.hmt:10.1502,urn:cite:hmt:msA.128v
urn:cts:greekLit:tlg5026.msA.hmt:10.1503,urn:cite:hmt:msA.128v
urn:cts:greekLit:tlg5026.msA.hmt:10.1504,urn:cite:hmt:msA.128v
urn:cts:greekLit:tlg5026.msA.hmt:10.1505,urn:cite:hmt:msA.128v
urn:cts:greekLit:tlg5026.msA.hmt:10.1506,urn:cite:hmt:msA.128v
urn:cts:greekLit:tlg5026.msAim.hmt:10.1507,urn:cite:hmt:msA.128v
urn:cts:greekLit:tlg5026.msAim.hmt:10.1508,urn:cite:hmt:msA.128v
urn:cts:greekLit:tlg5026.msAim.hmt:10.1509,urn:cite:hmt:msA.128v
urn:cts:greekLit:tlg5026.msAim.hmt:10.1510,urn:cite:hmt:msA.128v
urn:cts:greekLit:tlg5026.msAim.hmt:10.1511,urn:cite:hmt:msA.128v
urn:cts:greekLit:tlg5026.msAint.hmt:10.1512,urn:cite:hmt:msA.128v
urn:cts:greekLit:tlg5026.msAext.hmt:10.1513,urn:cite:hmt:msA.128v
urn:cts:greekLit:tlg5026.msAil.hmt:10.1514,urn:cite:hmt:msA.128v
urn:cts:greekLit:tlg5026.msAil.hmt:10.1515,urn:cite:hmt:msA.128v
urn:cts:greekLit:tlg5026.msAil.hmt:10.1516,urn:cite:hmt:msA.128v
urn:cts:greekLit:tlg5026.msAil.hmt:10.1517,urn:cite:hmt:msA.128v
urn:cts:greekLit:tlg5026.msAil.hmt:10.1518,urn:cite:hmt:msA.128v
urn:cts:greekLit:tlg5026.msAil.hmt:10.1519,urn:cite:hmt:msA.128v
urn:cts:greekLit:tlg5026.msAil.hmt:10.1520,urn:cite:hmt:msA.128v
urn:cts:greekLit:tlg5026.msA.hmt:10.1521,urn:cite:hmt:msA.129r
urn:cts:greekLit:tlg5026.msA.hmt:10.1522,urn:cite:hmt:msA.129r
urn:cts:greekLit:tlg5026.msA.hmt:10.1523,urn:cite:hmt:msA.129r
urn:cts:greekLit:tlg5026.msA.hmt:10.1524,urn:cite:hmt:msA.129r
urn:cts:greekLit:tlg5026.msA.hmt:10.1525,urn:cite:hmt:msA.129r
urn:cts:greekLit:tlg5026.msA.hmt:10.1526,urn:cite:hmt:msA.129r
urn:cts:greekLit:tlg5026.msA.hmt:10.1527,urn:cite:hmt:msA.129r
urn:cts:greekLit:tlg5026.msA.hmt:10.1528,urn:cite:hmt:msA.129r
urn:cts:greekLit:tlg5026.msA.hmt:10.1529,urn:cite:hmt:msA.129r
urn:cts:greekLit:tlg5026.msA.hmt:10.1530,urn:cite:hmt:msA.129r
urn:cts:greekLit:tlg5026.msA.hmt:10.1531,urn:cite:hmt:msA.129r
urn:cts:greekLit:tlg5026.msAim.hmt:10.1532,urn:cite:hmt:msA.129r
urn:cts:greekLit:tlg5026.msAim.hmt:10.1533,urn:cite:hmt:msA.129r
urn:cts:greekLit:tlg5026.msAint.hmt:10.1534,urn:cite:hmt:msA.129r
urn:cts:greekLit:tlg5026.msAint.hmt:10.1535,urn:cite:hmt:msA.129r
urn:cts:greekLit:tlg5026.msAint.hmt:10.1536,urn:cite:hmt:msA.129r
urn:cts:greekLit:tlg5026.msAint.hmt:10.1537,urn:cite:hmt:msA.129r
urn:cts:greekLit:tlg5026.msAil.hmt:10.1538,urn:cite:hmt:msA.129r
urn:cts:greekLit:tlg5026.msAil.hmt:10.1539,urn:cite:hmt:msA.129r
urn:cts:greekLit:tlg5026.msAil.hmt:10.1540,urn:cite:hmt:msA.129r
urn:cts:greekLit:tlg5026.msAil.hmt:10.1541,urn:cite:hmt:msA.129r
urn:cts:greekLit:tlg5026.msAil.hmt:10.1542,urn:cite:hmt:msA.129r
urn:cts:greekLit:tlg5026.msAil.hmt:10.1543,urn:cite:hmt:msA.129r
urn:cts:greekLit:tlg5026.msAil.hmt:10.1544,urn:cite:hmt:msA.129r
urn:cts:greekLit:tlg5026.msAil.hmt:10.1545,urn:cite:hmt:msA.129r
urn:cts:greekLit:tlg5026.msAil.hmt:10.1546,urn:cite:hmt:msA.129r
urn:cts:greekLit:tlg5026.msA.hmt:10.1547,urn:cite:hmt:msA.129v
urn:cts:greekLit:tlg5026.msA.hmt:10.1548,urn:cite:hmt:msA.129v
urn:cts:greekLit:tlg5026.msA.hmt:10.1549,urn:cite:hmt:msA.129v
urn:cts:greekLit:tlg5026.msA.hmt:10.1550,urn:cite:hmt:msA.129v
urn:cts:greekLit:tlg5026.msA.hmt:10.1551,urn:cite:hmt:msA.129v
urn:cts:greekLit:tlg5026.msAim.hmt:10.1552,urn:cite:hmt:msA.129v
urn:cts:greekLit:tlg5026.msAim.hmt:10.1553,urn:cite:hmt:msA.129v
urn:cts:greekLit:tlg5026.msAint.hmt:10.1554,urn:cite:hmt:msA.129v
urn:cts:greekLit:tlg5026.msAim.hmt:10.1555,urn:cite:hmt:msA.129v
urn:cts:greekLit:tlg5026.msAext.hmt:10.1556,urn:cite:hmt:msA.129v
urn:cts:greekLit:tlg5026.msAext.hmt:10.1557,urn:cite:hmt:msA.129v
urn:cts:greekLit:tlg5026.msAim.hmt:10.1558,urn:cite:hmt:msA.129v
urn:cts:greekLit:tlg5026.msAim.hmt:10.1559,urn:cite:hmt:msA.129v
urn:cts:greekLit:tlg5026.msAil.hmt:10.1560,urn:cite:hmt:msA.129v
urn:cts:greekLit:tlg5026.msAil.hmt:10.1561,urn:cite:hmt:msA.129v
urn:cts:greekLit:tlg5026.msAil.hmt:10.1562,urn:cite:hmt:msA.129v
urn:cts:greekLit:tlg5026.msAil.hmt:10.1563,urn:cite:hmt:msA.129v
urn:cts:greekLit:tlg5026.msA.hmt:10.2000,urn:cite:hmt:msA.130r
urn:cts:greekLit:tlg5026.msA.hmt:10.2001,urn:cite:hmt:msA.130r
urn:cts:greekLit:tlg5026.msA.hmt:10.2002,urn:cite:hmt:msA.130r
urn:cts:greekLit:tlg5026.msA.hmt:10.2003,urn:cite:hmt:msA.130r
urn:cts:greekLit:tlg5026.msA.hmt:10.2004,urn:cite:hmt:msA.130r
urn:cts:greekLit:tlg5026.msA.hmt:10.2005,urn:cite:hmt:msA.130r
urn:cts:greekLit:tlg5026.msA.hmt:10.2006,urn:cite:hmt:msA.130r
urn:cts:greekLit:tlg5026.msA.hmt:10.2007,urn:cite:hmt:msA.130r
urn:cts:greekLit:tlg5026.msA.hmt:10.2008,urn:cite:hmt:msA.130r
urn:cts:greekLit:tlg5026.msA.hmt:10.2009,urn:cite:hmt:msA.130r
urn:cts:greekLit:tlg5026.msA.hmt:10.2010,urn:cite:hmt:msA.130r
urn:cts:greekLit:tlg5026.msA.hmt:10.2012,urn:cite:hmt:msA.130r
urn:cts:greekLit:tlg5026.msA.hmt:10.2013,urn:cite:hmt:msA.130r
urn:cts:greekLit:tlg5026.msAim.hmt:10.2000,urn:cite:hmt:msA.130r
urn:cts:greekLit:tlg5026.msAim.hmt:10.2001,urn:cite:hmt:msA.130r
urn:cts:greekLit:tlg5026.msAint.hmt:10.2000,urn:cite:hmt:msA.130r
urn:cts:greekLit:tlg5026.msAint.hmt:10.2001,urn:cite:hmt:msA.130r
urn:cts:greekLit:tlg5026.msAext.hmt:10.2000,urn:cite:hmt:msA.130r
urn:cts:greekLit:tlg5026.msAil.hmt:10.2000,urn:cite:hmt:msA.130r
urn:cts:greekLit:tlg5026.msAil.hmt:10.5001,urn:cite:hmt:msA.130r
urn:cts:greekLit:tlg5026.msAil.hmt:10.2001,urn:cite:hmt:msA.130r
urn:cts:greekLit:tlg5026.msAil.hmt:10.5002,urn:cite:hmt:msA.130r
urn:cts:greekLit:tlg5026.msAil.hmt:10.2002,urn:cite:hmt:msA.130r
urn:cts:greekLit:tlg5026.msAil.hmt:10.2003,urn:cite:hmt:msA.130r
urn:cts:greekLit:tlg5026.msAil.hmt:10.2004,urn:cite:hmt:msA.130r
urn:cts:greekLit:tlg5026.msAil.hmt:10.2005,urn:cite:hmt:msA.130r
urn:cts:greekLit:tlg5026.msAil.hmt:10.2006,urn:cite:hmt:msA.130r
urn:cts:greekLit:tlg5026.msAil.hmt:10.2007,urn:cite:hmt:msA.130r
urn:cts:greekLit:tlg5026.msA.hmt:10.2014,urn:cite:hmt:msA.130v
urn:cts:greekLit:tlg5026.msA.hmt:10.2015,urn:cite:hmt:msA.130v
urn:cts:greekLit:tlg5026.msA.hmt:10.2016,urn:cite:hmt:msA.130v
urn:cts:greekLit:tlg5026.msA.hmt:10.2017,urn:cite:hmt:msA.130v
urn:cts:greekLit:tlg5026.msA.hmt:10.2018,urn:cite:hmt:msA.130v
urn:cts:greekLit:tlg5026.msA.hmt:10.2019,urn:cite:hmt:msA.130v
urn:cts:greekLit:tlg5026.msA.hmt:10.2020,urn:cite:hmt:msA.130v
urn:cts:greekLit:tlg5026.msA.hmt:10.2021,urn:cite:hmt:msA.130v
urn:cts:greekLit:tlg5026.msAil.hmt:10.2008,urn:cite:hmt:msA.130v
urn:cts:greekLit:tlg5026.msAil.hmt:10.2009,urn:cite:hmt:msA.130v
urn:cts:greekLit:tlg5026.msAil.hmt:10.2010,urn:cite:hmt:msA.130v
urn:cts:greekLit:tlg5026.msAil.hmt:10.2011,urn:cite:hmt:msA.130v
urn:cts:greekLit:tlg5026.msAil.hmt:10.2012,urn:cite:hmt:msA.130v
urn:cts:greekLit:tlg5026.msAil.hmt:10.2013,urn:cite:hmt:msA.130v
urn:cts:greekLit:tlg5026.msAil.hmt:10.2014,urn:cite:hmt:msA.130v
urn:cts:greekLit:tlg5026.msA.hmt:10.2500,urn:cite:hmt:msA.131r
urn:cts:greekLit:tlg5026.msA.hmt:10.2501,urn:cite:hmt:msA.131r
urn:cts:greekLit:tlg5026.msA.hmt:10.2502,urn:cite:hmt:msA.131r
urn:cts:greekLit:tlg5026.msA.hmt:10.2503,urn:cite:hmt:msA.131r
urn:cts:greekLit:tlg5026.msA.hmt:10.2504,urn:cite:hmt:msA.131r
urn:cts:greekLit:tlg5026.msA.hmt:10.2505,urn:cite:hmt:msA.131r
urn:cts:greekLit:tlg5026.msA.hmt:10.2506,urn:cite:hmt:msA.131r
urn:cts:greekLit:tlg5026.msA.hmt:10.2507,urn:cite:hmt:msA.131r
urn:cts:greekLit:tlg5026.msA.hmt:10.2508,urn:cite:hmt:msA.131r
urn:cts:greekLit:tlg5026.msA.hmt:10.2509,urn:cite:hmt:msA.131r
urn:cts:greekLit:tlg5026.msA.hmt:10.2510,urn:cite:hmt:msA.131r
urn:cts:greekLit:tlg5026.msA.hmt:10.2511,urn:cite:hmt:msA.131r
urn:cts:greekLit:tlg5026.msA.hmt:10.2512,urn:cite:hmt:msA.131r
urn:cts:greekLit:tlg5026.msA.hmt:10.2513,urn:cite:hmt:msA.131r
urn:cts:greekLit:tlg5026.msAim.hmt:10.2514,urn:cite:hmt:msA.131r
urn:cts:greekLit:tlg5026.msAint.hmt:10.2515,urn:cite:hmt:msA.131r
urn:cts:greekLit:tlg5026.msAint.hmt:10.2516,urn:cite:hmt:msA.131r
urn:cts:greekLit:tlg5026.msAint.hmt:10.2517,urn:cite:hmt:msA.131r
urn:cts:greekLit:tlg5026.msAint.hmt:10.2518,urn:cite:hmt:msA.131r
urn:cts:greekLit:tlg5026.msAim.hmt:10.2519,urn:cite:hmt:msA.131r
urn:cts:greekLit:tlg5026.msAil.hmt:10.2520,urn:cite:hmt:msA.131r
urn:cts:greekLit:tlg5026.msAil.hmt:10.2521,urn:cite:hmt:msA.131r
urn:cts:greekLit:tlg5026.msAil.hmt:10.2522,urn:cite:hmt:msA.131r
urn:cts:greekLit:tlg5026.msAil.hmt:10.2523,urn:cite:hmt:msA.131r
urn:cts:greekLit:tlg5026.msAil.hmt:10.2524,urn:cite:hmt:msA.131r
urn:cts:greekLit:tlg5026.msAil.hmt:10.2525,urn:cite:hmt:msA.131r
urn:cts:greekLit:tlg5026.msAil.hmt:10.2526,urn:cite:hmt:msA.131r
urn:cts:greekLit:tlg5026.msAil.hmt:10.2527,urn:cite:hmt:msA.131r
urn:cts:greekLit:tlg5026.msAil.hmt:10.2528,urn:cite:hmt:msA.131r
urn:cts:greekLit:tlg5026.msAil.hmt:10.2529,urn:cite:hmt:msA.131r
urn:cts:greekLit:tlg5026.msAil.hmt:10.2530,urn:cite:hmt:msA.131r
urn:cts:greekLit:tlg5026.msAil.hmt:10.2531,urn:cite:hmt:msA.131r
urn:cts:greekLit:tlg5026.msAil.hmt:10.2532,urn:cite:hmt:msA.131r
urn:cts:greekLit:tlg5026.msAil.hmt:10.2533,urn:cite:hmt:msA.131r
urn:cts:greekLit:tlg5026.msAil.hmt:10.2534,urn:cite:hmt:msA.131r
urn:cts:greekLit:tlg5026.msAil.hmt:10.2535,urn:cite:hmt:msA.131r
urn:cts:greekLit:tlg5026.msA.hmt:10.2536,urn:cite:hmt:msA.131v
urn:cts:greekLit:tlg5026.msA.hmt:10.2537,urn:cite:hmt:msA.131v
urn:cts:greekLit:tlg5026.msA.hmt:10.2538,urn:cite:hmt:msA.131v
urn:cts:greekLit:tlg5026.msA.hmt:10.2539,urn:cite:hmt:msA.131v
urn:cts:greekLit:tlg5026.msA.hmt:10.2540,urn:cite:hmt:msA.131v
urn:cts:greekLit:tlg5026.msA.hmt:10.2541,urn:cite:hmt:msA.131v
urn:cts:greekLit:tlg5026.msA.hmt:10.2542,urn:cite:hmt:msA.131v
urn:cts:greekLit:tlg5026.msA.hmt:10.2543,urn:cite:hmt:msA.131v
urn:cts:greekLit:tlg5026.msA.hmt:10.2544,urn:cite:hmt:msA.131v
urn:cts:greekLit:tlg5026.msAim.hmt:10.2545,urn:cite:hmt:msA.131v
urn:cts:greekLit:tlg5026.msAim.hmt:10.2546,urn:cite:hmt:msA.131v
urn:cts:greekLit:tlg5026.msAext.hmt:10.2547,urn:cite:hmt:msA.131v
urn:cts:greekLit:tlg5026.msAil.hmt:10.2548,urn:cite:hmt:msA.131v
urn:cts:greekLit:tlg5026.msAil.hmt:10.2549,urn:cite:hmt:msA.131v
urn:cts:greekLit:tlg5026.msAil.hmt:10.2550,urn:cite:hmt:msA.131v
urn:cts:greekLit:tlg5026.msAil.hmt:10.2551,urn:cite:hmt:msA.131v
urn:cts:greekLit:tlg5026.msAil.hmt:10.2552,urn:cite:hmt:msA.131v
urn:cts:greekLit:tlg5026.msAil.hmt:10.2553,urn:cite:hmt:msA.131v
urn:cts:greekLit:tlg5026.msAil.hmt:10.2554,urn:cite:hmt:msA.131v
urn:cts:greekLit:tlg5026.msAil.hmt:10.2555,urn:cite:hmt:msA.131v
urn:cts:greekLit:tlg5026.msAil.hmt:10.2556,urn:cite:hmt:msA.131v
urn:cts:greekLit:tlg5026.msAil.hmt:10.2557,urn:cite:hmt:msA.131v
urn:cts:greekLit:tlg5026.msAil.hmt:10.2558,urn:cite:hmt:msA.131v
urn:cts:greekLit:tlg5026.msA.hmt:10.3001,urn:cite:hmt:msA.132r
urn:cts:greekLit:tlg5026.msA.hmt:10.3002,urn:cite:hmt:msA.132r
urn:cts:greekLit:tlg5026.msA.hmt:10.3003,urn:cite:hmt:msA.132r
urn:cts:greekLit:tlg5026.msA.hmt:10.3004,urn:cite:hmt:msA.132r
urn:cts:greekLit:tlg5026.msA.hmt:10.3005,urn:cite:hmt:msA.132r
urn:cts:greekLit:tlg5026.msA.hmt:10.3006,urn:cite:hmt:msA.132r
urn:cts:greekLit:tlg5026.msA.hmt:10.3007,urn:cite:hmt:msA.132r
urn:cts:greekLit:tlg5026.msA.hmt:10.3008,urn:cite:hmt:msA.132r
urn:cts:greekLit:tlg5026.msAim.hmt:10.3020,urn:cite:hmt:msA.132r
urn:cts:greekLit:tlg5026.msAim.hmt:10.3021,urn:cite:hmt:msA.132r
urn:cts:greekLit:tlg5026.msAint.hmt:10.3009,urn:cite:hmt:msA.132r
urn:cts:greekLit:tlg5026.msAint.hmt:10.3010,urn:cite:hmt:msA.132r
urn:cts:greekLit:tlg5026.msAint.hmt:10.3011,urn:cite:hmt:msA.132r
urn:cts:greekLit:tlg5026.msAint.hmt:10.3012,urn:cite:hmt:msA.132r
urn:cts:greekLit:tlg5026.msAint.hmt:10.3013,urn:cite:hmt:msA.132r
urn:cts:greekLit:tlg5026.msAil.hmt:10.3014,urn:cite:hmt:msA.132r
urn:cts:greekLit:tlg5026.msAil.hmt:10.3015,urn:cite:hmt:msA.132r
urn:cts:greekLit:tlg5026.msAil.hmt:10.3016,urn:cite:hmt:msA.132r
urn:cts:greekLit:tlg5026.msAil.hmt:10.3017,urn:cite:hmt:msA.132r
urn:cts:greekLit:tlg5026.msAil.hmt:10.3018,urn:cite:hmt:msA.132r
urn:cts:greekLit:tlg5026.msAil.hmt:10.3019,urn:cite:hmt:msA.132r
urn:cts:greekLit:tlg5026.msA.hmt:10.3500,urn:cite:hmt:msA.132v
urn:cts:greekLit:tlg5026.msA.hmt:10.3501,urn:cite:hmt:msA.132v
urn:cts:greekLit:tlg5026.msA.hmt:10.3502,urn:cite:hmt:msA.132v
urn:cts:greekLit:tlg5026.msA.hmt:10.3503,urn:cite:hmt:msA.132v
urn:cts:greekLit:tlg5026.msA.hmt:10.3504,urn:cite:hmt:msA.132v
urn:cts:greekLit:tlg5026.msA.hmt:10.3505,urn:cite:hmt:msA.132v
urn:cts:greekLit:tlg5026.msA.hmt:10.3506,urn:cite:hmt:msA.132v
urn:cts:greekLit:tlg5026.msA.hmt:10.3507,urn:cite:hmt:msA.132v
urn:cts:greekLit:tlg5026.msA.hmt:10.3508,urn:cite:hmt:msA.132v
urn:cts:greekLit:tlg5026.msA.hmt:10.3509,urn:cite:hmt:msA.132v
urn:cts:greekLit:tlg5026.msA.hmt:10.3510,urn:cite:hmt:msA.132v
urn:cts:greekLit:tlg5026.msA.hmt:10.3511,urn:cite:hmt:msA.132v
urn:cts:greekLit:tlg5026.msA.hmt:10.3512,urn:cite:hmt:msA.132v
urn:cts:greekLit:tlg5026.msA.hmt:10.3513,urn:cite:hmt:msA.132v
urn:cts:greekLit:tlg5026.msA.hmt:10.3514,urn:cite:hmt:msA.132v
urn:cts:greekLit:tlg5026.msAim.hmt:10.3515,urn:cite:hmt:msA.132v
urn:cts:greekLit:tlg5026.msAim.hmt:10.3516,urn:cite:hmt:msA.132v
urn:cts:greekLit:tlg5026.msAim.hmt:10.3517,urn:cite:hmt:msA.132v
urn:cts:greekLit:tlg5026.msAim.hmt:10.3518,urn:cite:hmt:msA.132v
urn:cts:greekLit:tlg5026.msAim.hmt:10.3519,urn:cite:hmt:msA.132v
urn:cts:greekLit:tlg5026.msAint.hmt:10.3520,urn:cite:hmt:msA.132v
urn:cts:greekLit:tlg5026.msAint.hmt:10.3521,urn:cite:hmt:msA.132v
urn:cts:greekLit:tlg5026.msAint.hmt:10.3522,urn:cite:hmt:msA.132v
urn:cts:greekLit:tlg5026.msAint.hmt:10.3523,urn:cite:hmt:msA.132v
urn:cts:greekLit:tlg5026.msAext.hmt:10.3524,urn:cite:hmt:msA.132v
urn:cts:greekLit:tlg5026.msAext.hmt:10.3525,urn:cite:hmt:msA.132v
urn:cts:greekLit:tlg5026.msAext.hmt:10.3526,urn:cite:hmt:msA.132v
urn:cts:greekLit:tlg5026.msAext.hmt:10.3527,urn:cite:hmt:msA.132v
urn:cts:greekLit:tlg5026.msAext.hmt:10.3528,urn:cite:hmt:msA.132v
urn:cts:greekLit:tlg5026.msAext.hmt:10.3529,urn:cite:hmt:msA.132v
urn:cts:greekLit:tlg5026.msAil.hmt:10.3530,urn:cite:hmt:msA.132v
urn:cts:greekLit:tlg5026.msAil.hmt:10.3531,urn:cite:hmt:msA.132v
urn:cts:greekLit:tlg5026.msAil.hmt:10.3532,urn:cite:hmt:msA.132v
urn:cts:greekLit:tlg5026.msAil.hmt:10.3533,urn:cite:hmt:msA.132v
urn:cts:greekLit:tlg5026.msAil.hmt:10.3534,urn:cite:hmt:msA.132v
urn:cts:greekLit:tlg5026.msAil.hmt:10.3535,urn:cite:hmt:msA.132v
urn:cts:greekLit:tlg5026.msAil.hmt:10.3536,urn:cite:hmt:msA.132v
urn:cts:greekLit:tlg5026.msAil.hmt:10.3537,urn:cite:hmt:msA.132v
urn:cts:greekLit:tlg5026.msAil.hmt:10.3538,urn:cite:hmt:msA.132v
urn:cts:greekLit:tlg5026.msAil.hmt:10.3539,urn:cite:hmt:msA.132v
urn:cts:greekLit:tlg5026.msA.hmt:10.3540,urn:cite:hmt:msA.133r
urn:cts:greekLit:tlg5026.msA.hmt:10.3541,urn:cite:hmt:msA.133r
urn:cts:greekLit:tlg5026.msA.hmt:10.3542,urn:cite:hmt:msA.133r
urn:cts:greekLit:tlg5026.msA.hmt:10.3543,urn:cite:hmt:msA.133r
urn:cts:greekLit:tlg5026.msA.hmt:10.3544,urn:cite:hmt:msA.133r
urn:cts:greekLit:tlg5026.msA.hmt:10.3545,urn:cite:hmt:msA.133r
urn:cts:greekLit:tlg5026.msA.hmt:10.3546,urn:cite:hmt:msA.133r
urn:cts:greekLit:tlg5026.msA.hmt:10.3547,urn:cite:hmt:msA.133r
urn:cts:greekLit:tlg5026.msA.hmt:10.3548,urn:cite:hmt:msA.133r
urn:cts:greekLit:tlg5026.msA.hmt:10.3549,urn:cite:hmt:msA.133r
urn:cts:greekLit:tlg5026.msA.hmt:10.3550,urn:cite:hmt:msA.133r
urn:cts:greekLit:tlg5026.msA.hmt:10.3551,urn:cite:hmt:msA.133r
urn:cts:greekLit:tlg5026.msA.hmt:10.3552,urn:cite:hmt:msA.133r
urn:cts:greekLit:tlg5026.msA.hmt:10.3553,urn:cite:hmt:msA.133r
urn:cts:greekLit:tlg5026.msAim.hmt:10.3554,urn:cite:hmt:msA.133r
urn:cts:greekLit:tlg5026.msAim.hmt:10.3555,urn:cite:hmt:msA.133r
urn:cts:greekLit:tlg5026.msAim.hmt:10.3556,urn:cite:hmt:msA.133r
urn:cts:greekLit:tlg5026.msAim.hmt:10.3557,urn:cite:hmt:msA.133r
urn:cts:greekLit:tlg5026.msAint.hmt:10.3558,urn:cite:hmt:msA.133r
urn:cts:greekLit:tlg5026.msAint.hmt:10.3559,urn:cite:hmt:msA.133r
urn:cts:greekLit:tlg5026.msAint.hmt:10.3560,urn:cite:hmt:msA.133r
urn:cts:greekLit:tlg5026.msAint.hmt:10.3561,urn:cite:hmt:msA.133r
urn:cts:greekLit:tlg5026.msAint.hmt:10.3562,urn:cite:hmt:msA.133r
urn:cts:greekLit:tlg5026.msAint.hmt:10.3563,urn:cite:hmt:msA.133r
urn:cts:greekLit:tlg5026.msAil.hmt:10.3564,urn:cite:hmt:msA.133r
urn:cts:greekLit:tlg5026.msAil.hmt:10.3565,urn:cite:hmt:msA.133r
urn:cts:greekLit:tlg5026.msAil.hmt:10.3566,urn:cite:hmt:msA.133r
urn:cts:greekLit:tlg5026.msAil.hmt:10.3567,urn:cite:hmt:msA.133r
urn:cts:greekLit:tlg5026.msAil.hmt:10.3568,urn:cite:hmt:msA.133r
urn:cts:greekLit:tlg5026.msAil.hmt:10.3569,urn:cite:hmt:msA.133r
urn:cts:greekLit:tlg5026.msAil.hmt:10.3570,urn:cite:hmt:msA.133r
urn:cts:greekLit:tlg5026.msAil.hmt:10.3571,urn:cite:hmt:msA.133r
urn:cts:greekLit:tlg5026.msAil.hmt:10.3572,urn:cite:hmt:msA.133r
urn:cts:greekLit:tlg5026.msAil.hmt:10.3573,urn:cite:hmt:msA.133r
urn:cts:greekLit:tlg5026.msAil.hmt:10.3574,urn:cite:hmt:msA.133r
urn:cts:greekLit:tlg5026.msA.hmt:10.3575,urn:cite:hmt:msA.133v
urn:cts:greekLit:tlg5026.msA.hmt:10.3576,urn:cite:hmt:msA.133v
urn:cts:greekLit:tlg5026.msA.hmt:10.3577,urn:cite:hmt:msA.133v
urn:cts:greekLit:tlg5026.msA.hmt:10.3578,urn:cite:hmt:msA.133v
urn:cts:greekLit:tlg5026.msA.hmt:10.3579,urn:cite:hmt:msA.133v
urn:cts:greekLit:tlg5026.msA.hmt:10.3580,urn:cite:hmt:msA.133v
urn:cts:greekLit:tlg5026.msAim.hmt:10.3581,urn:cite:hmt:msA.133v
urn:cts:greekLit:tlg5026.msAim.hmt:10.3582,urn:cite:hmt:msA.133v
urn:cts:greekLit:tlg5026.msAim.hmt:10.3583,urn:cite:hmt:msA.133v
urn:cts:greekLit:tlg5026.msAim.hmt:10.3584,urn:cite:hmt:msA.133v
urn:cts:greekLit:tlg5026.msAim.hmt:10.3585,urn:cite:hmt:msA.133v
urn:cts:greekLit:tlg5026.msAint.hmt:10.3586,urn:cite:hmt:msA.133v
urn:cts:greekLit:tlg5026.msAil.hmt:10.3587,urn:cite:hmt:msA.133v
urn:cts:greekLit:tlg5026.msAil.hmt:10.3588,urn:cite:hmt:msA.133v
urn:cts:greekLit:tlg5026.msAil.hmt:10.3589,urn:cite:hmt:msA.133v
urn:cts:greekLit:tlg5026.msAil.hmt:10.3590,urn:cite:hmt:msA.133v
urn:cts:greekLit:tlg5026.msAil.hmt:10.3591,urn:cite:hmt:msA.133v
urn:cts:greekLit:tlg5026.msAil.hmt:10.3592,urn:cite:hmt:msA.133v
urn:cts:greekLit:tlg5026.msAil.hmt:10.3593,urn:cite:hmt:msA.133v
urn:cts:greekLit:tlg5026.msAil.hmt:10.3594,urn:cite:hmt:msA.133v
urn:cts:greekLit:tlg5026.msAil.hmt:10.3595,urn:cite:hmt:msA.133v
urn:cts:greekLit:tlg5026.msAil.hmt:10.3596,urn:cite:hmt:msA.133v
urn:cts:greekLit:tlg5026.msA.hmt:10.4006,urn:cite:hmt:msA.134r
urn:cts:greekLit:tlg5026.msA.hmt:10.4010,urn:cite:hmt:msA.134r
urn:cts:greekLit:tlg5026.msA.hmt:10.4019,urn:cite:hmt:msA.134r
urn:cts:greekLit:tlg5026.msA.hmt:10.4500,urn:cite:hmt:msA.134r
urn:cts:greekLit:tlg5026.msA.hmt:10.4501,urn:cite:hmt:msA.134r
urn:cts:greekLit:tlg5026.msA.hmt:10.4502,urn:cite:hmt:msA.134r
urn:cts:greekLit:tlg5026.msAim.hmt:10.4001,urn:cite:hmt:msA.134r
urn:cts:greekLit:tlg5026.msAim.hmt:10.4004,urn:cite:hmt:msA.134r
urn:cts:greekLit:tlg5026.msAim.hmt:10.4013,urn:cite:hmt:msA.134r
urn:cts:greekLit:tlg5026.msAint.hmt:10.4503,urn:cite:hmt:msA.134r
urn:cts:greekLit:tlg5026.msAint.hmt:10.4007,urn:cite:hmt:msA.134r
urn:cts:greekLit:tlg5026.msAil.hmt:10.4002,urn:cite:hmt:msA.134r
urn:cts:greekLit:tlg5026.msAil.hmt:10.4005,urn:cite:hmt:msA.134r
urn:cts:greekLit:tlg5026.msAil.hmt:10.4008,urn:cite:hmt:msA.134r
urn:cts:greekLit:tlg5026.msAil.hmt:10.4009,urn:cite:hmt:msA.134r
urn:cts:greekLit:tlg5026.msAil.hmt:10.4011,urn:cite:hmt:msA.134r
urn:cts:greekLit:tlg5026.msAil.hmt:10.4504,urn:cite:hmt:msA.134r
urn:cts:greekLit:tlg5026.msAil.hmt:10.4012,urn:cite:hmt:msA.134r
urn:cts:greekLit:tlg5026.msAil.hmt:10.4014,urn:cite:hmt:msA.134r
urn:cts:greekLit:tlg5026.msAil.hmt:10.4015,urn:cite:hmt:msA.134r
urn:cts:greekLit:tlg5026.msAil.hmt:10.4016,urn:cite:hmt:msA.134r
urn:cts:greekLit:tlg5026.msAil.hmt:10.4017,urn:cite:hmt:msA.134r
urn:cts:greekLit:tlg5026.msAil.hmt:10.4018,urn:cite:hmt:msA.134r
urn:cts:greekLit:tlg5026.msA.hmt:10.4505,urn:cite:hmt:msA.134v
urn:cts:greekLit:tlg5026.msA.hmt:10.4506,urn:cite:hmt:msA.134v
urn:cts:greekLit:tlg5026.msA.hmt:10.4507,urn:cite:hmt:msA.134v
urn:cts:greekLit:tlg5026.msA.hmt:10.4508,urn:cite:hmt:msA.134v
urn:cts:greekLit:tlg5026.msA.hmt:10.4509,urn:cite:hmt:msA.134v
urn:cts:greekLit:tlg5026.msA.hmt:10.4510,urn:cite:hmt:msA.134v
urn:cts:greekLit:tlg5026.msA.hmt:10.4511,urn:cite:hmt:msA.134v
urn:cts:greekLit:tlg5026.msA.hmt:10.4512,urn:cite:hmt:msA.134v
urn:cts:greekLit:tlg5026.msA.hmt:10.4513,urn:cite:hmt:msA.134v
urn:cts:greekLit:tlg5026.msA.hmt:10.4514,urn:cite:hmt:msA.134v
urn:cts:greekLit:tlg5026.msA.hmt:10.4515,urn:cite:hmt:msA.134v
urn:cts:greekLit:tlg5026.msA.hmt:10.4516,urn:cite:hmt:msA.134v
urn:cts:greekLit:tlg5026.msA.hmt:10.4517,urn:cite:hmt:msA.134v
urn:cts:greekLit:tlg5026.msA.hmt:10.4518,urn:cite:hmt:msA.134v
urn:cts:greekLit:tlg5026.msA.hmt:10.4519,urn:cite:hmt:msA.134v
urn:cts:greekLit:tlg5026.msA.hmt:10.4520,urn:cite:hmt:msA.134v
urn:cts:greekLit:tlg5026.msA.hmt:10.4521,urn:cite:hmt:msA.134v
urn:cts:greekLit:tlg5026.msAim.hmt:10.4522,urn:cite:hmt:msA.134v
urn:cts:greekLit:tlg5026.msAim.hmt:10.4523,urn:cite:hmt:msA.134v
urn:cts:greekLit:tlg5026.msAim.hmt:10.4524,urn:cite:hmt:msA.134v
urn:cts:greekLit:tlg5026.msAil.hmt:10.4525,urn:cite:hmt:msA.134v
urn:cts:greekLit:tlg5026.msAil.hmt:10.4526,urn:cite:hmt:msA.134v
urn:cts:greekLit:tlg5026.msAil.hmt:10.4527,urn:cite:hmt:msA.134v
urn:cts:greekLit:tlg5026.msAil.hmt:10.4528,urn:cite:hmt:msA.134v
urn:cts:greekLit:tlg5026.msAil.hmt:10.4529,urn:cite:hmt:msA.134v
urn:cts:greekLit:tlg5026.msAil.hmt:10.4530,urn:cite:hmt:msA.134v
urn:cts:greekLit:tlg5026.msAil.hmt:10.4531,urn:cite:hmt:msA.134v
urn:cts:greekLit:tlg5026.msAil.hmt:10.4532,urn:cite:hmt:msA.134v
urn:cts:greekLit:tlg5026.msAil.hmt:10.4533,urn:cite:hmt:msA.134v
urn:cts:greekLit:tlg5026.msAil.hmt:10.4534,urn:cite:hmt:msA.134v
urn:cts:greekLit:tlg5026.msAil.hmt:10.4535,urn:cite:hmt:msA.134v
urn:cts:greekLit:tlg5026.msAil.hmt:10.4536,urn:cite:hmt:msA.134v
urn:cts:greekLit:tlg5026.msAil.hmt:10.4537,urn:cite:hmt:msA.134v
urn:cts:greekLit:tlg5026.msAil.hmt:10.4538,urn:cite:hmt:msA.134v
urn:cts:greekLit:tlg5026.msAil.hmt:10.4539,urn:cite:hmt:msA.134v
urn:cts:greekLit:tlg5026.msAil.hmt:10.4540,urn:cite:hmt:msA.134v
urn:cts:greekLit:tlg5026.msAil.hmt:10.4541,urn:cite:hmt:msA.134v
urn:cts:greekLit:tlg5026.msA.hmt:10.4542,urn:cite:hmt:msA.135r
urn:cts:greekLit:tlg5026.msA.hmt:10.4543,urn:cite:hmt:msA.135r
urn:cts:greekLit:tlg5026.msA.hmt:10.4544,urn:cite:hmt:msA.135r
urn:cts:greekLit:tlg5026.msA.hmt:10.4545,urn:cite:hmt:msA.135r
urn:cts:greekLit:tlg5026.msA.hmt:10.4546,urn:cite:hmt:msA.135r
urn:cts:greekLit:tlg5026.msA.hmt:10.4547,urn:cite:hmt:msA.135r
urn:cts:greekLit:tlg5026.msA.hmt:10.4548,urn:cite:hmt:msA.135r
urn:cts:greekLit:tlg5026.msAim.hmt:10.4549,urn:cite:hmt:msA.135r
urn:cts:greekLit:tlg5026.msAim.hmt:10.4550,urn:cite:hmt:msA.135r
urn:cts:greekLit:tlg5026.msAim.hmt:10.4551,urn:cite:hmt:msA.135r
urn:cts:greekLit:tlg5026.msAim.hmt:10.4552,urn:cite:hmt:msA.135r
urn:cts:greekLit:tlg5026.msAint.hmt:10.4553,urn:cite:hmt:msA.135r
urn:cts:greekLit:tlg5026.msAint.hmt:10.4554,urn:cite:hmt:msA.135r
urn:cts:greekLit:tlg5026.msAint.hmt:10.4555,urn:cite:hmt:msA.135r
urn:cts:greekLit:tlg5026.msAint.hmt:10.4556,urn:cite:hmt:msA.135r
urn:cts:greekLit:tlg5026.msAint.hmt:10.4557,urn:cite:hmt:msA.135r
urn:cts:greekLit:tlg5026.msAint.hmt:10.4558,urn:cite:hmt:msA.135r
urn:cts:greekLit:tlg5026.msAext.hmt:10.4559,urn:cite:hmt:msA.135r
urn:cts:greekLit:tlg5026.msAext.hmt:10.4560,urn:cite:hmt:msA.135r
urn:cts:greekLit:tlg5026.msAil.hmt:10.4561,urn:cite:hmt:msA.135r
urn:cts:greekLit:tlg5026.msAil.hmt:10.4562,urn:cite:hmt:msA.135r
urn:cts:greekLit:tlg5026.msAil.hmt:10.4563,urn:cite:hmt:msA.135r
urn:cts:greekLit:tlg5026.msAil.hmt:10.4564,urn:cite:hmt:msA.135r
urn:cts:greekLit:tlg5026.msAil.hmt:10.4565,urn:cite:hmt:msA.135r
urn:cts:greekLit:tlg5026.msAil.hmt:10.4566,urn:cite:hmt:msA.135r
urn:cts:greekLit:tlg5026.msAil.hmt:10.4567,urn:cite:hmt:msA.135r
urn:cts:greekLit:tlg5026.msAil.hmt:10.4568,urn:cite:hmt:msA.135r
urn:cts:greekLit:tlg5026.msAil.hmt:10.4569,urn:cite:hmt:msA.135r
urn:cts:greekLit:tlg5026.msAil.hmt:10.4570,urn:cite:hmt:msA.135r
urn:cts:greekLit:tlg5026.msAil.hmt:10.4571,urn:cite:hmt:msA.135r
urn:cts:greekLit:tlg5026.msAil.hmt:10.4572,urn:cite:hmt:msA.135r
urn:cts:greekLit:tlg5026.msAil.hmt:10.4573,urn:cite:hmt:msA.135r
urn:cts:greekLit:tlg5026.msAil.hmt:10.4574,urn:cite:hmt:msA.135r
urn:cts:greekLit:tlg5026.msAil.hmt:10.4575,urn:cite:hmt:msA:135r
urn:cts:greekLit:tlg5026.msA.hmt:10.4576,urn:cite:hmt:msA.135v
urn:cts:greekLit:tlg5026.msA.hmt:10.4577,urn:cite:hmt:msA.135v
urn:cts:greekLit:tlg5026.msA.hmt:10.4578,urn:cite:hmt:msA.135v
urn:cts:greekLit:tlg5026.msA.hmt:10.4579,urn:cite:hmt:msA.135v
urn:cts:greekLit:tlg5026.msA.hmt:10.4580,urn:cite:hmt:msA.135v
urn:cts:greekLit:tlg5026.msA.hmt:10.4581,urn:cite:hmt:msA.135v
urn:cts:greekLit:tlg5026.msA.hmt:10.4582,urn:cite:hmt:msA.135v
urn:cts:greekLit:tlg5026.msAim.hmt:10.4583,urn:cite:hmt:msA.135v
urn:cts:greekLit:tlg5026.msAim.hmt:10.4584,urn:cite:hmt:msA.135v
urn:cts:greekLit:tlg5026.msAim.hmt:10.4585,urn:cite:hmt:msA.135v
urn:cts:greekLit:tlg5026.msAim.hmt:10.4586,urn:cite:hmt:msA.135v
urn:cts:greekLit:tlg5026.msAim.hmt:10.4587,urn:cite:hmt:msA.135v
urn:cts:greekLit:tlg5026.msAim.hmt:10.4588,urn:cite:hmt:msA.135v
urn:cts:greekLit:tlg5026.msAint.hmt:10.4589,urn:cite:hmt:msA.135v
urn:cts:greekLit:tlg5026.msAint.hmt:10.4590,urn:cite:hmt:msA.135v
urn:cts:greekLit:tlg5026.msAext.hmt:10.4591,urn:cite:hmt:msA.135v
urn:cts:greekLit:tlg5026.msAext.hmt:10.4592,urn:cite:hmt:msA.135v
urn:cts:greekLit:tlg5026.msAext.hmt:10.4593,urn:cite:hmt:msA.135v
urn:cts:greekLit:tlg5026.msAil.hmt:10.4594,urn:cite:hmt:msA.135v
urn:cts:greekLit:tlg5026.msAil.hmt:10.4595,urn:cite:hmt:msA.135v
urn:cts:greekLit:tlg5026.msAil.hmt:10.4596,urn:cite:hmt:msA.135v
urn:cts:greekLit:tlg5026.msAil.hmt:10.4597,urn:cite:hmt:msA.135v
urn:cts:greekLit:tlg5026.msAil.hmt:10.4598,urn:cite:hmt:msA.135v
urn:cts:greekLit:tlg5026.msAil.hmt:10.4599,urn:cite:hmt:msA.135v
urn:cts:greekLit:tlg5026.msAil.hmt:10.4600,urn:cite:hmt:msA.135v
urn:cts:greekLit:tlg5026.msAil.hmt:10.4601,urn:cite:hmt:msA.135v
urn:cts:greekLit:tlg5026.msAil.hmt:10.4602,urn:cite:hmt:msA.135v
urn:cts:greekLit:tlg5026.msAil.hmt:10.4603,urn:cite:hmt:msA.135v
urn:cts:greekLit:tlg5026.msAil.hmt:10.4604,urn:cite:hmt:msA.135v
urn:cts:greekLit:tlg5026.msA.hmt:10.4605,urn:cite:hmt:msA.136r
urn:cts:greekLit:tlg5026.msA.hmt:10.4606,urn:cite:hmt:msA.136r
urn:cts:greekLit:tlg5026.msA.hmt:10.4607,urn:cite:hmt:msA.136r
urn:cts:greekLit:tlg5026.msA.hmt:10.4608,urn:cite:hmt:msA.136r
urn:cts:greekLit:tlg5026.msA.hmt:10.4609,urn:cite:hmt:msA.136r
urn:cts:greekLit:tlg5026.msA.hmt:10.4610,urn:cite:hmt:msA.136r
urn:cts:greekLit:tlg5026.msA.hmt:10.4611,urn:cite:hmt:msA.136r
urn:cts:greekLit:tlg5026.msA.hmt:10.4612,urn:cite:hmt:msA.136r
urn:cts:greekLit:tlg5026.msAim.hmt:10.4613,urn:cite:hmt:msA.136r
urn:cts:greekLit:tlg5026.msAim.hmt:10.4614,urn:cite:hmt:msA.136r
urn:cts:greekLit:tlg5026.msAext.hmt:10.4615,urn:cite:hmt:msA.136r
urn:cts:greekLit:tlg5026.msAext.hmt:10.4616,urn:cite:hmt:msA.136r
urn:cts:greekLit:tlg5026.msAil.hmt:10.4617,urn:cite:hmt:msA.136r
urn:cts:greekLit:tlg5026.msAil.hmt:10.4618,urn:cite:hmt:msA.136r
urn:cts:greekLit:tlg5026.msAil.hmt:10.4619,urn:cite:hmt:msA.136r
urn:cts:greekLit:tlg5026.msAil.hmt:10.4620,urn:cite:hmt:msA.136r
urn:cts:greekLit:tlg5026.msAil.hmt:10.4621,urn:cite:hmt:msA.136r
urn:cts:greekLit:tlg5026.msAil.hmt:10.4622,urn:cite:hmt:msA.136r
urn:cts:greekLit:tlg5026.msAil.hmt:10.4623,urn:cite:hmt:msA.136r
urn:cts:greekLit:tlg5026.msAil.hmt:10.4624,urn:cite:hmt:msA.136r
urn:cts:greekLit:tlg5026.msAil.hmt:10.4625,urn:cite:hmt:msA.136r
urn:cts:greekLit:tlg5026.msAil.hmt:10.4626,urn:cite:hmt:msA.136r
urn:cts:greekLit:tlg5026.msAil.hmt:10.4627,urn:cite:hmt:msA.136r
urn:cts:greekLit:tlg5026.msAil.hmt:10.4628,urn:cite:hmt:msA.136r
urn:cts:greekLit:tlg5026.msAil.hmt:10.4629,urn:cite:hmt:msA.136r
urn:cts:greekLit:tlg5026.msAil.hmt:10.4630,urn:cite:hmt:msA.136r
urn:cts:greekLit:tlg5026.msAil.hmt:10.4631,urn:cite:hmt:msA.136r
urn:cts:greekLit:tlg5026.msA.hmt:10.46.4632,urn:cite:hmt:msA.136v
urn:cts:greekLit:tlg5026.msA.hmt:10.4633,urn:cite:hmt:msA.136v
urn:cts:greekLit:tlg5026.msA.hmt:10.4634,urn:cite:hmt:msA.136v
urn:cts:greekLit:tlg5026.msA.hmt:10.4635,urn:cite:hmt:msA.136v
urn:cts:greekLit:tlg5026.msA.hmt:10.4636,urn:cite:hmt:msA.136v
urn:cts:greekLit:tlg5026.msAim.hmt:10.4637,urn:cite:hmt:msA.136v
urn:cts:greekLit:tlg5026.msAim.hmt:10.4638,urn:cite:hmt:msA.136v
urn:cts:greekLit:tlg5026.msAim.hmt:10.4639,urn:cite:hmt:msA.136v
urn:cts:greekLit:tlg5026.msAim.hmt:10.4640,urn:cite:hmt:msA.136v
urn:cts:greekLit:tlg5026.msAim.hmt:10.4641,urn:cite:hmt:msA.136v
urn:cts:greekLit:tlg5026.msAim.hmt:10.4642,urn:cite:hmt:msA.136v
urn:cts:greekLit:tlg5026.msAim.hmt:10.4643,urn:cite:hmt:msA.136v
urn:cts:greekLit:tlg5026.msAim.hmt:10.4644,urn:cite:hmt:msA.136v
urn:cts:greekLit:tlg5026.msAint.hmt:10.4645,urn:cite:hmt:msA.136v
urn:cts:greekLit:tlg5026.msAext.hmt:10.4646,urn:cite:hmt:msA.136v
urn:cts:greekLit:tlg5026.msAext.hmt:10.4647,urn:cite:hmt:msA.136v
urn:cts:greekLit:tlg5026.msAil.hmt:10.4648,urn:cite:hmt:msA.136v
urn:cts:greekLit:tlg5026.msAil.hmt:10.4649,urn:cite:hmt:msA.136v
urn:cts:greekLit:tlg5026.msAil.hmt:10.4650,urn:cite:hmt:msA.136v
urn:cts:greekLit:tlg5026.msAil.hmt:10.4651,urn:cite:hmt:msA.136v
urn:cts:greekLit:tlg5026.msAil.hmt:10.4652,urn:cite:hmt:msA.136v
urn:cts:greekLit:tlg5026.msAil.hmt:10.4653,urn:cite:hmt:msA.136v
urn:cts:greekLit:tlg5026.msAil.hmt:10.4654,urn:cite:hmt:msA.136v
urn:cts:greekLit:tlg5026.msAil.hmt:10.4655,urn:cite:hmt:msA.136v
urn:cts:greekLit:tlg5026.msA.hmt:10.4656,urn:cite:hmt:msA.137r
urn:cts:greekLit:tlg5026.msA.hmt:10.4657,urn:cite:hmt:msA.137r
urn:cts:greekLit:tlg5026.msA.hmt:10.4658,urn:cite:hmt:msA.137r
urn:cts:greekLit:tlg5026.msA.hmt:10.4659,urn:cite:hmt:msA.137r
urn:cts:greekLit:tlg5026.msA.hmt:10.4660,urn:cite:hmt:msA.137r
urn:cts:greekLit:tlg5026.msA.hmt:10.4661,urn:cite:hmt:msA.137r
urn:cts:greekLit:tlg5026.msA.hmt:10.4662,urn:cite:hmt:msA.137r
urn:cts:greekLit:tlg5026.msA.hmt:10.4663,urn:cite:hmt:msA.137r
urn:cts:greekLit:tlg5026.msAim.hmt:10.4664,urn:cite:hmt:msA.137r
urn:cts:greekLit:tlg5026.msAim.hmt:10.4665,urn:cite:hmt:msA.137r
urn:cts:greekLit:tlg5026.msAint.hmt:10.4666,urn:cite:hmt:msA.137r
urn:cts:greekLit:tlg5026.msAint.hmt:10.4667,urn:cite:hmt:msA.137r
urn:cts:greekLit:tlg5026.msAint.hmt:10.4668,urn:cite:hmt:msA.137r
urn:cts:greekLit:tlg5026.msAext.hmt:10.4669,urn:cite:hmt:msA.137r
urn:cts:greekLit:tlg5026.msAil.hmt:10.4670,urn:cite:hmt:msA.137r
urn:cts:greekLit:tlg5026.msAil.hmt:10.4671,urn:cite:hmt:msA.137r
urn:cts:greekLit:tlg5026.msAil.hmt:10.4672,urn:cite:hmt:msA.137r
urn:cts:greekLit:tlg5026.msAil.hmt:10.4673,urn:cite:hmt:msA.137r
urn:cts:greekLit:tlg5026.msAil.hmt:10.4674,urn:cite:hmt:msA.137r
urn:cts:greekLit:tlg5026.msAil.hmt:10.4675,urn:cite:hmt:msA.137r
urn:cts:greekLit:tlg5026.msAil.hmt:10.4676,urn:cite:hmt:msA.137r
urn:cts:greekLit:tlg5026.msAil.hmt:10.4677,urn:cite:hmt:msA.137r
urn:cts:greekLit:tlg5026.msAil.hmt:10.4678,urn:cite:hmt:msA.137r
urn:cts:greekLit:tlg5026.msAil.hmt:10.4679,urn:cite:hmt:msA.137r
urn:cts:greekLit:tlg5026.msAil.hmt:10.4680,urn:cite:hmt:msA.137r
urn:cts:greekLit:tlg5026.msAil.hmt:10.4681,urn:cite:hmt:msA.137r
urn:cts:greekLit:tlg5026.msAil.hmt:10.4682,urn:cite:hmt:msA.137r
